parent,child
01994d49-8270-755a-bbb1-4eac575bec0f,01994d49-826f-76ac-aead-5bdf618ef2c5
01994d49-8270-755a-bbb1-50baa8e31af1,01994d49-826f-76ac-aead-5bdf618ef2c5
01994d49-8270-755a-bbb1-4eac575bec0f,01994d49-8270-755a-bbb1-310ed0140db2
01994d49-8270-755a-bbb1-50baa8e31af1,01994d49-8270-755a-bbb1-310ed0140db2
01994d49-8270-755a-bbb1-5435c2658136,01994d49-8270-755a-bbb1-390cb53d432b
01994d49-8270-755a-bbb1-5a0ee242a486,01994d49-8270-755a-bbb1-390cb53d432b
01994d49-826f-76ac-aead-5bdf618ef2c5,01994d49-8270-755a-bbb1-37d4fda28301
01994d49-8270-755a-bbb1-390cb53d432b,01994d49-8270-755a-bbb1-37d4fda28301
01994d49-826f-76ac-aead-5bdf618ef2c5,01994d49-8270-755a-bbb1-5cb5aaa32746
01994d49-8270-755a-bbb1-390cb53d432b,01994d49-8270-755a-bbb1-5cb5aaa32746
01994d49-8270-755a-bbb1-37d4fda28301,01994d49-8270-755a-bbb1-3d7704871402
01994d49-8270-755a-bbb1-37d4fda28301,01994d49-8270-755a-bbb1-42bf3f1fd9ba
01994d49-8270-755a-bbb1-5cb5aaa32746,01994d49-8270-755a-bbb1-65adc88896bb
01994d49-8270-755a-bbb1-616f585516a3,01994d49-8270-755a-bbb1-65adc88896bb
01994d49-8270-755a-bbb1-5cb5aaa32746,01994d49-8270-755a-bbb1-68a322cd4491
01994d49-8270-755a-bbb1-616f585516a3,01994d49-8270-755a-bbb1-68a322cd4491
